"","msa","house_index","hs_proportion","bachelor_proportion","weekly_wage","annual_wage","pop","percent_white","percent_black","percent_asian","percent_amerindian","percent_hpi","percent_other"
"1","Abilene, TX",235.595,0.88,0.24,879,45709,176579,0.703826616,0.078876877,0.00827958,0.017504913,0.001149627,0.079216668
"2","Akron, OH",193.75125,0.92,0.32,1006,52326,702219,0.769839608,0.124979529,0.001889724,0.037090993,0.000293356,0.009482797
"3","Albany-Schenectady-Troy, NY",213.79,0.92,0.39,1203,62547,128610,0.837415442,0.005295078,0.013428194,0.011484332,0.002293756,0.036668999
"4","Albany, GA",164.835,0.86,0.21,836,43455,899262,0.759741877,0.08646201,0.003260451,0.05149556,0.000471498,0.025915695
"5","Albany-Lebanon, OR",284.5,0.9,0.2,894,46480,148922,0.41449215,0.525113818,0.002128631,0.011260929,0.000369321,0.013443279
"6","Albuquerque, NM",230.7375,0.9,0.33,964,50137,916528,0.52798387,0.028124618,0.065629201,0.025419845,0.001230732,0.145147775
"7","Alexandria, LA",219.165,0.86,0.2,828,43034,152192,0.625650494,0.28642767,0.008095038,0.012451377,0.000269397,0.015690706
"8","Allentown-Bethlehem-Easton, PA-NJ",203.11375,0.91,0.31,1093,56811,861889,0.729079963,0.062813193,0.003145417,0.031611959,0.000370117,0.085305648
"9","Altoona, PA",209.8,0.92,0.22,861,44793,122822,0.925062285,0.020623341,0.001335266,0.007148556,0.000105844,0.006350654
"10","Amarillo, TX",210.665,0.86,0.24,977,50798,268691,0.653918442,0.065580909,0.010201309,0.033317082,0.00040567,0.096262994
"11","Ames, IA",218.28,0.96,0.45,1003,52173,125252,0.846206049,0.026506563,0.003105739,0.044398493,0.000295404,0.0230655
"12","Anchorage, AK",238.7875,0.94,0.33,1162,60416,398328,0.621299532,0.039407222,0.076582615,0.073318973,0.026377759,0.029704163
"13","Ann Arbor, MI",225.06,0.96,0.57,1245,64746,372258,0.692229583,0.115025063,0.003196708,0.090345943,0.000539948,0.019956589
"14","Anniston-Oxford, AL",186.1175,0.85,0.19,770,40034,116441,0.692075815,0.219501722,0.004182376,0.010219768,0.001021977,0.021221048
"15","Appleton, WI",198.5,0.94,0.3,987,51340,243147,0.865764332,0.014382246,0.013962747,0.03247007,0.000633362,0.021534298
"16","Asheville, NC",313.7775,0.91,0.37,869,45165,469015,0.829037451,0.041740669,0.004780231,0.010929288,0.002407172,0.045196849
"17","Athens-Clarke County, GA",244.2275,0.89,0.4,898,46675,215415,0.670445419,0.179235429,0.003676624,0.035740315,0.000454936,0.047155491
"18","Atlanta-Sandy Springs-Alpharetta, GA",262.869375,0.9,0.4,1291,67107,6089815,0.455391338,0.336334027,0.004996047,0.06555388,0.000497716,0.060020542
"19","Atlantic City-Hammonton, NJ",223.0525,0.88,0.29,948,49321,274534,0.571135087,0.151234455,0.004564098,0.079349006,0.001245747,0.099047841
"20","Auburn-Opelika, AL",216.8625,0.9,0.36,743,38654,174241,0.64078489,0.227099248,0.004132208,0.049196228,0.000688701,0.025206467
"21","Augusta-Richmond County, GA-SC",198.895,0.88,0.27,989,51413,611000,0.535777414,0.347905074,0.003489362,0.021767594,0.001463175,0.025919804
"22","Austin-Round Rock-Georgetown, TX",459.62,0.91,0.46,1427,74208,2283371,0.573347914,0.070106435,0.009193863,0.070842627,0.000895168,0.110925469
"23","Bakersfield, CA",229.96625,0.75,0.17,928,48239,909235,0.408842598,0.055134261,0.019976134,0.051446546,0.001658537,0.301520509
"24","Baltimore-Columbia-Towson, MD",251.6725,0.91,0.41,1283,66696,2844510,0.538986328,0.285116945,0.003743,0.06345803,0.000468622,0.039846933
"25","Bangor, ME",215.81,0.93,0.29,918,47743,152199,0.915321388,0.009901511,0.009402164,0.012253694,0.000302236,0.005919881
"26","Barnstable Town, MA",334.9825,0.96,0.45,1024,53247,228996,0.857914549,0.028834565,0.005345072,0.014074482,0.000353718,0.024122692
"27","Baton Rouge, LA",259.015,0.88,0.29,1103,57348,870569,0.547053709,0.347447474,0.003181827,0.020560116,0.000275682,0.030122828
"28","Battle Creek, MI",192.8625,0.91,0.21,1092,56766,134310,0.764738292,0.10805599,0.006544561,0.027860919,0.000260591,0.021152558
"29","Bay City, MI",174.1775,0.91,0.2,951,49445,103856,0.89840741,0.016416962,0.004458096,0.00518025,4.81436e-05,0.012989139
"30","Beaumont-Port Arthur, TX",224.935,0.86,0.18,1121,58303,397565,0.563057613,0.241439765,0.006300856,0.02918768,0.000417542,0.080892433
"31","Beckley, WV",201.56,0.86,0.18,793,41241,115079,0.873382633,0.065407242,0.002085524,0.008133543,0.000156414,0.005344155
"32","Bellingham, WA",320.3825,0.93,0.35,976,50772,226847,0.775615283,0.01034618,0.027670633,0.044642424,0.003195987,0.042724832
"33","Bend, OR",368.2925,0.94,0.37,998,51893,198253,0.853137153,0.004474081,0.007883866,0.012514313,0.001371984,0.03355813
"34","Billings, MT",266.0475,0.95,0.32,978,50873,184167,0.857379444,0.007319444,0.040322099,0.007417181,0.001259726,0.016284133
"35","Binghamton, NY",193.7575,0.91,0.28,996,51807,247138,0.822338127,0.05315249,0.002553229,0.039455689,0.000412725,0.017698614
"36","Birmingham-Hoover, AL",244.99,0.9,0.32,1122,58347,1115289,0.603672232,0.294311161,0.004042002,0.017318381,0.000466247,0.032128892
"37","Bismarck, ND",292.78,0.94,0.34,1048,54488,133626,0.868506129,0.020594794,0.041937946,0.00923473,0.002694086,0.012235643
"38","Blacksburg-Christiansburg, VA",229.4575,0.92,0.36,840,43688,166378,0.825920494,0.049579872,0.002103644,0.053005806,0.000366635,0.015146233
"39","Bloomington, IL",152.725,0.96,0.45,1190,61868,170954,0.773003264,0.087719503,0.002825321,0.047626847,0.000362671,0.025234858
"40","Bloomington, IN",228.8225,0.92,0.41,881,45825,161039,0.834561814,0.032464186,0.002477661,0.052397245,0.000285645,0.014120803
"41","Bloomsburg-Berwick, PA",223.835,0.91,0.26,1077,55981,82863,0.914726718,0.015000664,0.001653331,0.017221196,0.000241362,0.012080181
"42","Boise City, ID",407.78875,0.92,0.33,1008,52439,764718,0.800043938,0.012779874,0.008612325,0.021222202,0.002695111,0.058828222
"43","Boston, MA (MSAD)",350.5741667,0.92,0.49,1792,93161,4941632,0.683766416,0.073670803,0.003007508,0.086717708,0.000312447,0.068867734
"44","Boulder, CO",348.445,0.96,0.63,1550,80598,330758,0.773928371,0.010258255,0.007585606,0.049734247,0.0008284,0.057891268
"45","Bowling Green, KY",199.0825,0.86,0.27,877,45589,179639,0.788236407,0.073759039,0.003312198,0.041355162,0.003891137,0.032609845
"46","Bremerton-Silverdale-Port Orchard, WA",314.6575,0.95,0.34,972,50540,275611,0.748874319,0.028427748,0.015623469,0.052291091,0.010772429,0.029233231
"47","Bridgeport-Stamford-Norwalk, CT",215.76375,0.9,0.49,1917,99704,957419,0.610165455,0.11150395,0.00456331,0.05362438,0.000362433,0.112371908
"48","Brownsville-Harlingen, TX",188.775,0.69,0.18,626,32570,421017,0.386461829,0.004930917,0.006847704,0.006664814,0.000353905,0.190331982
"49","Brunswick, GA",237.8025,0.87,0.25,811,42149,113495,0.685501564,0.215304639,0.004114719,0.011225164,0.001092559,0.028944006
"50","Buffalo-Cheektowaga, NY",226.02,0.92,0.33,1031,53587,1166902,0.745036001,0.129860948,0.006874613,0.041856985,0.000280229,0.021090889
"51","Burlington-South Burlington, VT",258.0525,0.94,0.46,1146,59591,225562,0.871024375,0.023492432,0.004123035,0.033680318,0.000305903,0.008379071
"52","Burlington, NC",174.3925,0.87,0.25,886,46082,171415,0.617489718,0.198430709,0.008324826,0.016614649,0.000612548,0.090067964
"53","California-Lexington Park, MD",229.105,0.9,0.32,1261,65558,113777,0.720286174,0.143209963,0.003849636,0.02954903,0.000791021,0.02003041
"54","Canton-Massillon, OH",178.695,0.92,0.23,870,45237,401574,0.843338961,0.072813479,0.003050496,0.008098134,0.000306295,0.010446393
"55","Cape Coral-Fort Myers, FL",281.66125,0.89,0.28,928,48236,760822,0.697452229,0.077437298,0.0050314,0.017205076,0.000410083,0.074736272
"56","Cape Girardeau, MO-IL",189.43,0.9,0.28,859,44677,97517,0.832470236,0.083667463,0.002912313,0.013771958,0.000184583,0.010387932
"57","Carbondale-Marion, IL",176.485,0.91,0.28,815,42369,133435,0.809727583,0.089174504,0.003739649,0.021373703,0.000329749,0.01804624
"58","Carson City, NV",267.6975,0.88,0.23,998,51878,58639,0.679615955,0.019475093,0.024881052,0.024147751,0.002302222,0.120960453
"59","Casper, WY",298.2,0.94,0.24,970,50441,79955,0.866975174,0.009893065,0.013169908,0.008117066,0.001150647,0.026077168
"60","Cedar Rapids, IA",176.185,0.95,0.32,1114,57906,276520,0.846759728,0.06149284,0.002300014,0.019947924,0.001923911,0.012046145
"61","Chambersburg-Waynesboro, PA",201.07,0.89,0.22,887,46147,155932,0.862709386,0.034232871,0.003129569,0.009247621,0.000333479,0.033059282
"62","Champaign-Urbana, IL",189.8975,0.95,0.44,945,49153,222538,0.65056305,0.129227368,0.003626347,0.110412604,0.000381957,0.035243419
"63","Charleston-North Charleston, SC",381.27125,0.91,0.37,1029,53495,799636,0.639803611,0.229759541,0.005161098,0.020425544,0.000939177,0.038688853
"64","Charleston, WV",173.62,0.88,0.22,991,51557,258859,0.882322036,0.053658555,0.002105393,0.008954682,0.000212471,0.006010994
"65","Charlotte-Concord-Gastonia, NC-SC",269.44,0.89,0.36,1234,64185,2660329,0.595003099,0.218742494,0.005557207,0.043274723,0.000507456,0.06443188
"66","Charlottesville, VA",265.4175,0.91,0.5,1047,54437,221524,0.730277532,0.107392427,0.002789765,0.05891461,0.000397248,0.030836388
"67","Chattanooga, TN-GA",241.1975,0.88,0.28,978,50854,562647,0.764564638,0.125154848,0.004610351,0.017593624,0.000534971,0.026426872
"68","Cheyenne, WY",277.7475,0.94,0.3,912,47411,100512,0.801874403,0.024594078,0.011172795,0.012893983,0.001711238,0.045148838
"69","Chicago-Naperville-Evanston, IL (MSAD)",217.08625,0.89,0.39,1352,70327,9618502,0.54037635,0.163949854,0.00910464,0.071309857,0.000355981,0.11270071
"70","Chico, CA",293.2025,0.9,0.28,904,47008,211632,0.706684244,0.017218568,0.021225524,0.049770356,0.00270753,0.085752627
"71","Cincinnati, OH-KY-IN",216.2941667,0.92,0.35,1182,61457,2256884,0.767293312,0.121105914,0.002660305,0.029985148,0.000904344,0.020923539
"72","Clarksville, TN-KY",224.2075,0.91,0.26,798,41486,320535,0.657731605,0.190993183,0.005166362,0.019589124,0.003912209,0.032271047
"73","Cleveland-Elyria, OH",183.93,0.91,0.32,1132,58866,2088251,0.689196845,0.196435199,0.002278941,0.025788088,0.000248054,0.025622399
"74","Cleveland, TN",227.485,0.86,0.22,865,44964,126164,0.840057386,0.042008814,0.004074062,0.009765068,0.001117593,0.031728544
"75","Coeur d'Alene, ID",313.435,0.94,0.27,823,42785,171362,0.889567115,0.003046183,0.011233529,0.008286551,0.001260489,0.01352692
"76","College Station-Bryan, TX",260.08,0.88,0.38,859,44690,268248,0.60712475,0.109693269,0.006926426,0.055698458,0.000946885,0.098427574
"77","Colorado Springs, CO",351.985,0.95,0.39,1066,55415,755105,0.713115395,0.058213096,0.010198582,0.030039531,0.004109362,0.057570801
"78","Columbia, MO",198.5425,0.94,0.44,928,48260,210864,0.776500493,0.092789665,0.003414523,0.0375313,0.000635481,0.018153881
"79","Columbia, SC",215.45875,0.9,0.33,924,48038,829470,0.557181092,0.324415591,0.004091769,0.022574656,0.000870435,0.031154834
"80","Columbus, GA-AL",180.6875,0.88,0.25,897,46637,328883,0.458159893,0.416102383,0.003846353,0.02136018,0.002584506,0.031679959
"81","Columbus, IN",186.905,0.9,0.34,1160,60326,82208,0.799958641,0.02221195,0.003710101,0.065565395,0.000596049,0.047014889
"82","Columbus, OH",245.7666667,0.92,0.37,1123,58404,2138926,0.700982643,0.15654679,0.002951014,0.049200861,0.00033615,0.026696108
"83","Corpus Christi, TX",227.23,0.83,0.21,968,50331,421933,0.553647143,0.03674517,0.008261975,0.021380172,0.001109181,0.123533831
"84","Corvallis, OR",268.3875,0.96,0.53,1046,54400,95184,0.783871239,0.010526979,0.008604387,0.067532358,0.003067742,0.032978232
"85","Crestview-Fort Walton Beach-Destin, FL",279.425,0.92,0.32,923,48018,286973,0.744735567,0.080143428,0.006080711,0.026918909,0.001864287,0.03790949
"86","Cumberland, MD-WV",170.4175,0.91,0.19,807,41938,95044,0.874447624,0.063802029,0.001872817,0.009037919,0.000284079,0.006018265
"87","Dallas-Plano-Irving, TX (MSAD)",299.5691667,0.86,0.36,1320,68666,7637387,0.488705889,0.159862791,0.009690618,0.079425725,0.001228954,0.121605858
"88","Dalton, GA",205.5875,0.72,0.15,875,45492,142837,0.689562228,0.028332995,0.018454602,0.010928541,0.000273038,0.147356777
"89","Danville, IL",179.4125,0.9,0.16,887,46131,74188,0.77211948,0.140467461,0.003154149,0.007777538,0.000134793,0.022159918
"90","Daphne-Fairhope-Foley, AL",245.0075,0.9,0.32,781,40604,231767,0.817195718,0.078600491,0.006825821,0.00891844,0.000616999,0.023018808
"91","Davenport-Moline-Rock Island, IA-IL",203.7375,0.92,0.27,1074,55829,384324,0.781564513,0.082948242,0.003830102,0.023888698,0.000322644,0.032006848
"92","Dayton-Kettering, OH",182.3175,0.91,0.3,989,51403,814049,0.736865963,0.157001606,0.002458083,0.02460417,0.000471716,0.015881108
"93","Decatur, AL",191.07,0.83,0.2,968,50341,156494,0.73347221,0.11985763,0.015323271,0.00598745,0.000594272,0.05375286
"94","Decatur, IL",160.0375,0.91,0.24,1084,56379,103998,0.728946711,0.183147753,0.00227889,0.014567588,0.000346161,0.011904075
"95","Deltona-Daytona Beach-Ormond Beach, FL",281.98,0.91,0.25,825,42889,668921,0.729269974,0.102738589,0.003692514,0.019734767,0.00055313,0.046292462
"96","Denver-Aurora-Lakewood, CO",476.7175,0.92,0.45,1435,74604,2963821,0.667155338,0.056042521,0.01205066,0.046375945,0.00177035,0.088211805
"97","Des Moines-West Des Moines, IA",207.3375,0.93,0.37,1206,62697,709466,0.798217251,0.055767295,0.003901526,0.042623607,0.000593404,0.032146713
"98","Detroit-Dearborn-Livonia, MI (MSAD)",203.0108333,0.91,0.32,1266,65844,4392041,0.64917404,0.218822183,0.0032971,0.048322409,0.000258877,0.020190385
"99","Dothan, AL",179.4425,0.85,0.2,854,44423,151007,0.683617316,0.231095247,0.004820969,0.009562471,0.000490044,0.018813697
"100","Dubuque, IA",208.4575,0.93,0.31,974,50634,99266,0.889670179,0.041565088,0.002629299,0.010356013,0.008351299,0.010819415
"101","Duluth, MN-WI",277.7825,0.94,0.28,951,49451,291638,0.886698578,0.018327516,0.026021986,0.00826024,0.000332604,0.005722848
"102","Durham-Chapel Hill, NC",238.3525,0.9,0.46,1432,74443,649903,0.542982568,0.250412754,0.006551747,0.048642644,0.000404676,0.079493401
"103","East Stroudsburg, PA",178.2375,0.9,0.26,883,45919,168327,0.659187177,0.147890713,0.004039756,0.024238536,0.000439621,0.068557035
"104","Eau Claire, WI",253.78,0.94,0.29,942,48963,172007,0.896137948,0.01354596,0.005162581,0.031254542,0.000592999,0.008900801
"105","El Centro, CA",227.33,0.7,0.15,716,37251,179702,0.264532393,0.024273519,0.023739302,0.016966979,0.000918187,0.392471981
"106","El Paso, TX",206.075,0.79,0.24,752,39099,868859,0.363252265,0.033457673,0.011942099,0.013906744,0.002169512,0.217436891
"107","Elizabethtown-Fort Knox, KY",213.0275,0.91,0.21,817,42461,155572,0.78915229,0.091205358,0.004403106,0.016223999,0.003297509,0.018480189
"108","Elkhart-Goshen, IN",198.1,0.81,0.2,1025,53275,207047,0.731563365,0.054924727,0.006824537,0.010983014,0.000376726,0.106202939
"109","Elmira, NY",186.77,0.9,0.24,941,48952,84148,0.837369872,0.063162523,0.002852118,0.017017636,0.000178257,0.011253981
"110","Erie, PA",177.53,0.91,0.29,873,45415,270876,0.822261847,0.07599049,0.001760953,0.023553213,0.000221504,0.017162835
"111","Eugene-Springfield, OR",284.225,0.92,0.32,911,47365,382971,0.807356171,0.012168023,0.012204579,0.025119395,0.002650331,0.039209235
"112","Evansville, IN-KY",200.725,0.91,0.27,966,50221,314049,0.841836783,0.071925082,0.00221303,0.014106079,0.002372241,0.013618894
"113","Fairbanks, AK",208.3775,0.94,0.32,1045,54355,95655,0.689676441,0.041963306,0.078981757,0.03244995,0.006314359,0.023386127
"114","Fargo, ND-MN",255.6875,0.95,0.39,1042,54194,249843,0.827551702,0.064652602,0.015053454,0.027413215,0.000484304,0.011459196
"115","Farmington, NM",212.695,0.86,0.15,891,46335,121661,0.414397383,0.005868766,0.411150656,0.007529118,0.000583589,0.069504607
"116","Fayetteville-Springdale-Rogers, AR",218.9075,0.88,0.33,1145,59556,546725,0.702023869,0.024555307,0.01628058,0.035741918,0.0213526,0.093264438
"117","Fayetteville, NC",170.19,0.9,0.24,757,39370,520378,0.470446483,0.330131174,0.021219191,0.021939821,0.003729981,0.055813274
"118","Flagstaff, AZ",290.4825,0.91,0.38,852,44282,145101,0.574496385,0.013514724,0.249653689,0.018428543,0.001805639,0.052763248
"119","Flint, MI",178.115,0.91,0.21,946,49212,406211,0.712080667,0.196730271,0.004295797,0.010063735,0.000300337,0.011838675
"120","Florence-Muscle Shoals, AL",186.6075,0.88,0.22,796,41391,150791,0.800923132,0.122878686,0.004231022,0.007971298,0.0002719,0.016274181
"121","Florence, SC",186.5425,0.85,0.22,844,43898,199964,0.519383489,0.413624452,0.002990538,0.013087356,0.000380068,0.014127543
"122","Fond du Lac, WI",189.165,0.92,0.24,967,50275,104154,0.879754978,0.023196421,0.004858191,0.012059066,0.000336041,0.03026288
"123","Fort Collins, CO",316.2575,0.96,0.48,1115,58002,359066,0.824347056,0.010624788,0.00801524,0.023778358,0.000905126,0.038419121
"124","Fort Smith, AR-OK",191.005,0.84,0.2,819,42586,244310,0.711117023,0.039511277,0.056465147,0.029417543,0.000671278,0.055802055
"125","Fort Wayne, IN",188.3725,0.9,0.28,963,50083,419601,0.736845241,0.106393931,0.004218293,0.04403469,0.000374165,0.040088084
"126","Fresno, CA",259.39625,0.77,0.22,899,46768,1008654,0.371463356,0.048289106,0.021853877,0.112355674,0.001650715,0.28238623
"127","Gadsden, AL",205.1075,0.85,0.18,783,40734,103436,0.759735489,0.14642871,0.007144514,0.008962063,0.000522062,0.026383464
"128","Gainesville, FL",256.8175,0.91,0.38,906,47092,339247,0.647097837,0.166978632,0.003401651,0.054335042,0.00039794,0.033978193
"129","Gainesville, GA",233.7425,0.79,0.24,1023,53204,203136,0.643627914,0.072168399,0.008560767,0.020941635,0.000526741,0.144450024
"130","Gettysburg, PA",212.2175,0.89,0.23,859,44653,103852,0.880676347,0.015011747,0.00327389,0.00938836,0.000356276,0.037071987
"131","Glens Falls, NY",215.0925,0.9,0.26,935,48608,127039,0.905808453,0.019789199,0.00270783,0.008493455,0.000188918,0.009445918
"132","Goldsboro, NC",171.29,0.86,0.2,772,40165,117333,0.532262876,0.305071889,0.005812517,0.013465947,0.000656252,0.078008744
"133","Grand Forks, ND-MN",249.0575,0.95,0.33,922,47958,104362,0.836367643,0.038730572,0.021712884,0.025411548,0.000603668,0.015532474
"134","Grand Island, NE",228.0025,0.87,0.21,845,43956,77038,0.739258548,0.02566266,0.012682053,0.010008048,0.000571147,0.128456087
"135","Grand Junction, CO",290.6325,0.91,0.27,900,46817,155703,0.821885256,0.007392279,0.01106594,0.010764083,0.001335877,0.050230246
"136","Grand Rapids-Kentwood, MI",258.7525,0.92,0.34,1039,54044,1087592,0.779567154,0.06927414,0.005517694,0.02806843,0.000340201,0.046885229
"137","Grants Pass, OR",293.6075,0.91,0.18,773,40203,88090,0.855307072,0.004711091,0.01215802,0.010057895,0.001453059,0.024906346
"138","Great Falls, MT",244.8075,0.92,0.27,854,44391,84414,0.832385623,0.014168266,0.04743289,0.01127775,0.001457104,0.013493022
"139","Greeley, CO",303.8725,0.87,0.28,1104,57397,328981,0.704879613,0.013797149,0.012991632,0.01780346,0.001109487,0.111766333
"140","Green Bay, WI",196.525,0.92,0.28,1043,54230,328268,0.817959716,0.02606407,0.024918664,0.026511874,0.000389925,0.038361948
"141","Greensboro-High Point, NC",197.92375,0.88,0.3,967,50275,776566,0.567010402,0.267053927,0.006147578,0.040685531,0.000400481,0.055043615
"142","Greenville-Anderson, SC",264.355,0.87,0.31,955,49649,928195,0.712588411,0.154248838,0.004008856,0.019856819,0.000590393,0.044609161
"143","Greenville, NC",171.2325,0.89,0.32,862,44807,170243,0.52154861,0.354869216,0.004176383,0.018080039,0.000622639,0.045693509
"144","Gulfport-Biloxi, MS",211.9575,0.89,0.23,848,44086,416259,0.659654206,0.213775558,0.005203491,0.023403698,0.000980159,0.027908105
"145","Hagerstown-Martinsburg, MD-WV",207.2475,0.89,0.22,883,45928,293844,0.788619131,0.092453819,0.003103688,0.015954044,0.000479846,0.025329767
"146","Hammond, LA",225.5375,0.82,0.22,721,37501,133157,0.61082782,0.300690163,0.004002794,0.007532462,0.000180238,0.022424657
"147","Hanford-Corcoran, CA",226.0825,0.74,0.15,863,44875,152486,0.401518828,0.059172645,0.024074341,0.03884291,0.002701887,0.314789554
"148","Harrisburg-Carlisle, PA",196.29,0.92,0.33,1112,57841,591712,0.742040047,0.105204897,0.002301795,0.052954816,0.000403913,0.033786707
"149","Harrisonburg, VA",220.9225,0.85,0.3,899,46748,135571,0.785160543,0.045024378,0.004337211,0.02245318,0.000361434,0.069151957
"150","Hartford-East Hartford-Middletown, CT",176.88625,0.91,0.4,1381,71807,1213531,0.668930584,0.116362087,0.003138774,0.055454702,0.000360106,0.072574166
"151","Hattiesburg, MS",209.19,0.88,0.27,779,40524,172231,0.62772091,0.297362263,0.002670832,0.011670373,0.000499329,0.021064733
"152","Hickory-Lenoir-Morganton, NC",206.1775,0.84,0.19,841,43731,365276,0.79052552,0.064430732,0.007785893,0.030461897,0.000506466,0.046121289
"153","Hilton Head Island-Bluffton, SC",259.095,0.93,0.39,813,42274,215908,0.66961391,0.174231617,0.004089705,0.012218167,0.000745688,0.063638216
"154","Hinesville, GA",176.5175,0.9,0.18,782,40685,81424,0.431690902,0.395706426,0.005612596,0.019171252,0.006988112,0.043893692
"155","Homosassa Springs, FL",245.8575,0.89,0.19,773,40188,153843,0.874891935,0.026793549,0.003692076,0.015918826,0.000351007,0.015086809
"156","Hot Springs, AR",214.595,0.89,0.23,759,39480,100180,0.786953484,0.081133959,0.00800559,0.009702535,0.000708724,0.033649431
"157","Houma-Thibodaux, LA",250.22,0.8,0.16,1039,54012,207137,0.683817956,0.173281451,0.041634281,0.010114079,0.000342768,0.03078156
"158","Houston-The Woodlands-Sugar Land, TX",297.735,0.84,0.34,1387,72104,7122240,0.414246361,0.173812452,0.010309116,0.083521196,0.000809998,0.159930022
"159","Huntington-Ashland, WV-KY-OH",187.2075,0.88,0.21,920,47858,359862,0.921364301,0.023597935,0.002070238,0.007783539,0.000166731,0.005479878
"160","Huntsville, AL",202.305,0.9,0.4,1217,63301,491723,0.649906553,0.214293413,0.00749609,0.024731404,0.001132752,0.029077346
"161","Idaho Falls, ID",272.6525,0.92,0.3,954,49604,157429,0.8460957,0.004535378,0.00942012,0.009845708,0.001213245,0.061329234
"162","Indianapolis-Carmel-Anderson, IN",219.76,0.9,0.36,1115,58004,2111040,0.696352982,0.150253903,0.003745547,0.03868425,0.000429172,0.044964094
"163","Iowa City, IA",196.34,0.95,0.5,874,45472,175419,0.783632332,0.0743078,0.00223465,0.049681049,0.000262229,0.028275158
"164","Ithaca, NY",238.8,0.94,0.53,1153,59945,105740,0.743871761,0.04347456,0.003338377,0.099602799,0.000444486,0.027000189
"165","Jackson, MI",201.47,0.92,0.23,1030,53586,160366,0.830955439,0.078769814,0.004090643,0.009309953,0.000187072,0.011760598
"166","Jackson, MS",180.5625,0.88,0.31,882,45847,591978,0.461201261,0.477538017,0.002065955,0.013500502,0.000332783,0.015350233
"167","Jackson, TN",170.55,0.87,0.22,887,46113,180504,0.650306918,0.26785556,0.002902983,0.008581527,0.000210522,0.025146257
"168","Jacksonville, FL",303.1541667,0.91,0.32,1069,55567,1605848,0.616315492,0.212477146,0.003613667,0.041847049,0.001058008,0.036486641
"169","Jacksonville, NC",224.6725,0.92,0.24,671,34915,204576,0.67002972,0.136995542,0.007136712,0.023116104,0.004032731,0.049839668
"170","Janesville-Beloit, WI",204.875,0.92,0.24,982,51069,163687,0.813180033,0.050773733,0.005363896,0.012578885,0.000439864,0.045556458
"171","Jefferson City, MO",195.995,0.9,0.29,890,46275,150309,0.849137444,0.069210759,0.003432928,0.008336161,0.000838273,0.01181566
"172","Johnson City, TN",218.77,0.88,0.27,839,43615,207285,0.880705309,0.030807825,0.003270859,0.0109897,0.000332875,0.017729213
"173","Johnstown, PA",181.7475,0.92,0.22,810,42129,133472,0.90092304,0.043664589,0.001011448,0.005858907,0.000277212,0.005694078
"174","Jonesboro, AR",188.05,0.88,0.24,845,43957,134196,0.745402247,0.150943396,0.003412918,0.013062983,0.000462011,0.029114132
"175","Joplin, MO",193.4025,0.87,0.22,839,43648,181409,0.810125187,0.015842654,0.020572298,0.012706095,0.006951144,0.047097994
"176","Kahului-Wailuku-Lahaina, HI",287.4025,0.92,0.28,940,48894,164754,0.32899353,0.006464183,0.004722192,0.269055683,0.121441665,0.025516831
"177","Kalamazoo-Portage, MI",201.1075,0.94,0.4,1072,55737,261670,0.752894868,0.115993427,0.004872549,0.026911759,0.000290442,0.024454466
"178","Kankakee, IL",159.96,0.88,0.21,904,47002,107502,0.710005395,0.144862421,0.00401853,0.010139346,0.00021395,0.058408216
"179","Kansas City, MO-KS",270.6766667,0.92,0.37,1157,60144,2192035,0.708928461,0.119624002,0.005870344,0.030701608,0.002110824,0.042480161
"180","Kennewick-Richland, WA",254.2475,0.87,0.28,1067,55466,303622,0.632114932,0.015423784,0.011379281,0.027339916,0.002763304,0.17834676
"181","Killeen-Temple, TX",208.5475,0.91,0.24,951,49469,475367,0.520212804,0.206867536,0.009169757,0.028668376,0.010398282,0.085679065
"182","Kingsport-Bristol, TN-VA",220.55,0.87,0.22,911,47366,307614,0.921781843,0.018802785,0.00239586,0.006732463,0.0001983,0.007997035
"183","Kingston, NY",284.2125,0.91,0.33,864,44932,181851,0.779363325,0.060835519,0.004558677,0.021226169,0.000346437,0.046136672
"184","Knoxville, TN",262.12625,0.9,0.3,1040,54097,879773,0.837401239,0.05674191,0.003929423,0.017303327,0.000509222,0.024033472
"185","Kokomo, IN",160.6825,0.91,0.21,967,50304,83658,0.831241483,0.077888546,0.003072031,0.012312032,0.000286882,0.013351981
"186","La Crosse-Onalaska, WI-MN",249.555,0.95,0.34,931,48425,139627,0.889634526,0.014982776,0.004025009,0.040887507,0.000214858,0.008221906
"187","Lafayette-West Lafayette, IN",179.1525,0.92,0.35,923,48002,223716,0.762636557,0.051252481,0.003665361,0.061435034,0.000259257,0.04086431
"188","Lafayette, LA",227.11,0.85,0.24,929,48310,478384,0.658017409,0.245131526,0.003798204,0.018976387,0.000202766,0.022615723
"189","Lake Charles, LA",232.71,0.87,0.22,1140,59290,222402,0.65199054,0.248806216,0.005071897,0.017266032,0.000624994,0.02197822
"190","Lake Havasu City-Kingman, AZ",269.4775,0.86,0.13,806,41926,213267,0.795866215,0.010414176,0.024312247,0.012819611,0.001917784,0.059437231
"191","Lakeland-Winter Haven, FL",261.74,0.85,0.21,901,46834,725046,0.605525718,0.145553524,0.005356901,0.018638817,0.00063858,0.094955355
"192","Lancaster, PA",212.995,0.86,0.29,992,51583,552984,0.818551712,0.040496651,0.002390666,0.025583019,0.000305615,0.049489678
"193","Lansing-East Lansing, MI",188.24,0.94,0.33,1028,53464,541297,0.776246682,0.083702662,0.004733076,0.039117157,0.000349161,0.022061826
"194","Laredo, TX",196.8075,0.68,0.19,660,34337,267114,0.38456614,0.004365177,0.006180882,0.005259926,0.000198417,0.197230396
"195","Las Cruces, NM",188.6375,0.81,0.3,724,37652,219561,0.474624364,0.018546099,0.018623526,0.012297266,0.000888136,0.201306243
"196","Las Vegas-Henderson-Paradise, NV",256.985,0.86,0.25,1026,53338,2265461,0.448636282,0.126545546,0.010476896,0.104907125,0.009080712,0.153762965
"197","Lawrence, KS",225.2375,0.95,0.51,774,40267,118785,0.780351054,0.044626847,0.024834786,0.039441007,0.000723997,0.02162731
"198","Lawton, OK",159.7075,0.9,0.23,749,38958,126652,0.580432998,0.156949752,0.061309731,0.025021318,0.006995547,0.041989072
"199","Lebanon, PA",195.865,0.88,0.21,875,45519,143257,0.826556468,0.022567833,0.001884725,0.015594351,0.000572398,0.065930461
"200","Lewiston-Auburn, ME",228.03,0.91,0.23,934,48584,111139,0.869406779,0.05876425,0.003779051,0.008151954,0.000521869,0.007468126
"201","Lewiston, ID-WA",258.1425,0.92,0.24,865,44998,64375,0.869312621,0.0048,0.042625243,0.00838835,0.001040777,0.01104466
"202","Lexington-Fayette, KY",222.7725,0.91,0.39,981,50992,516811,0.748763087,0.110771636,0.003271989,0.029269888,0.000454712,0.041796711
"203","Lima, OH",188.565,0.91,0.19,931,48404,102206,0.790100385,0.123016261,0.002935248,0.008218696,0.000518561,0.014187034
"204","Lincoln, NE",219.6875,0.93,0.39,928,48241,340217,0.808319396,0.040750462,0.007997837,0.041570527,0.000623132,0.0312624
"205","Little Rock-North Little Rock-Conway, AR",211.075,0.91,0.31,957,49783,748031,0.640034972,0.23167088,0.005723025,0.018447096,0.000562811,0.037406204
"206","Logan, UT-ID",264.41,0.93,0.36,791,41147,147348,0.853421831,0.007743573,0.008218639,0.016172598,0.004832098,0.049970139
"207","Longview, TX",222.5325,0.85,0.2,918,47721,286184,0.639696838,0.175160037,0.007945937,0.00886842,0.000464736,0.082873256
"208","Longview, WA",274.8075,0.9,0.17,1067,55504,110730,0.820121015,0.007405401,0.015533279,0.01600289,0.006032692,0.042842951
"209","Los Angeles-Long Beach-Glendale, CA (MSAD)",344.349375,0.81,0.35,1373,71374,13200998,0.351691895,0.064253172,0.015285662,0.167168952,0.002542005,0.252459625
"210","Louisville/Jefferson County, KY-IN",253.06875,0.9,0.3,1087,56534,1285439,0.726703484,0.147547258,0.003328824,0.024780639,0.000686147,0.029091229
"211","Lubbock, TX",209.825,0.87,0.31,862,44811,321368,0.618288069,0.085686814,0.010218815,0.030255035,0.000787259,0.115503099
"212","Lynchburg, VA",210.6525,0.89,0.29,902,46882,261593,0.749305218,0.162481412,0.00362395,0.013639509,0.000485487,0.018016537
"213","Macon-Bibb County, GA",164.35,0.87,0.23,898,46679,233802,0.477480945,0.44549234,0.002331032,0.015842465,0.000290844,0.018930548
"214","Madera, CA",241.4125,0.72,0.15,896,46617,156255,0.417573838,0.029413459,0.049112028,0.025004,0.001107165,0.315529103
"215","Madison, WI",230.585,0.96,0.47,1163,60484,680796,0.801768812,0.046569016,0.004202434,0.053603429,0.000392188,0.02915117
"216","Manchester-Nashua, NH",280.985,0.92,0.39,1367,71076,422937,0.828184812,0.025859643,0.002414071,0.039067284,0.000333383,0.035123434
"217","Manhattan, KS",231.01,0.95,0.38,777,40414,134046,0.738865762,0.086537457,0.006826015,0.035935425,0.005296689,0.03206362
"218","Mankato, MN",235.8375,0.94,0.34,899,46751,103566,0.849207269,0.054815287,0.004538169,0.023202595,0.000463473,0.019021687
"219","Mansfield, OH",174.61,0.88,0.18,802,41690,124936,0.84154287,0.090542358,0.001969008,0.00634725,0.000464238,0.008196196
"220","McAllen-Edinburg-Mission, TX",184.37,0.67,0.19,638,33187,870781,0.345154522,0.005452576,0.007068367,0.010390672,0.000200969,0.226202685
"221","Medford, OR",290.56,0.9,0.29,897,46666,223259,0.798144756,0.007766764,0.012456385,0.015170721,0.003883382,0.052580187
"222","Memphis, TN-MS-AR",211.43625,0.89,0.29,1112,57800,1337779,0.422499531,0.457552406,0.003366774,0.024188599,0.000437292,0.043833847
"223","Merced, CA",257.2375,0.7,0.14,837,43498,281202,0.371739888,0.032567336,0.026735229,0.073665906,0.002869823,0.316907419
"224","Miami-Miami Beach-Kendall, FL (MSAD)",414.0625,0.86,0.33,1146,59597,6138333,0.39566915,0.194569763,0.004259626,0.026747653,0.000362802,0.097430524
"225","Michigan City-La Porte, IN",200.0025,0.89,0.19,852,44315,112417,0.783742672,0.107546012,0.00383394,0.006707171,0.000222386,0.03043134
"226","Midland, MI",169.275,0.94,0.35,1310,68142,83494,0.895764965,0.011533763,0.00410808,0.020720052,0.001053968,0.009210243
"227","Midland, TX",376.7,0.84,0.27,1525,79308,175220,0.582034014,0.063554389,0.009239813,0.022782787,0.001095765,0.131976943
"228","Milwaukee-Waukesha, WI",257.6958333,0.92,0.36,1131,58834,1574731,0.666654178,0.162562368,0.005919106,0.042157041,0.000345456,0.046043419
"229","Minneapolis-St. Paul-Bloomington, MN-WI",304.8816667,0.94,0.43,1344,69896,3690261,0.729586877,0.091498135,0.007631168,0.071966454,0.000369893,0.033104705
"230","Missoula, MT",308.945,0.96,0.44,881,45786,117922,0.861077662,0.006377097,0.02797612,0.012347145,0.001060023,0.022294398
"231","Mobile, AL",201.8525,0.87,0.24,990,51494,430197,0.557556189,0.347682573,0.012020075,0.019988517,0.000560208,0.014067974
"232","Modesto, CA",278.54,0.8,0.18,1001,52059,552878,0.464120475,0.028782118,0.019069306,0.06290357,0.007721414,0.264306049
"233","Monroe, LA",214.4275,0.87,0.22,809,42076,207104,0.556657525,0.367573779,0.003244747,0.011709093,0.000265567,0.019458823
"234","Monroe, MI",184.685,0.91,0.21,1059,55075,154809,0.888585289,0.026729712,0.003514008,0.00619473,0.00015503,0.012408839
"235","Montgomery, AL",156.2475,0.87,0.31,889,46227,386047,0.474530303,0.433405777,0.003538429,0.024776776,0.000564698,0.022209731
"236","Morgantown, WV",222.5425,0.91,0.36,1026,53363,140038,0.862937203,0.044287979,0.00186378,0.027221183,0.00054271,0.008761907
"237","Morristown, TN",220.8825,0.84,0.17,841,43718,142709,0.86005788,0.021946759,0.005017203,0.007343615,0.002312398,0.045876574
"238","Mount Vernon-Anacortes, WA",294.6625,0.91,0.27,997,51851,129523,0.745350247,0.006855925,0.022219992,0.021864843,0.003227226,0.094485149
"239","Muncie, IN",171.5825,0.9,0.25,841,43743,111903,0.842801355,0.073715629,0.002430677,0.012510835,0.000518306,0.014539378
"240","Muskegon, MI",217.51,0.91,0.2,875,45489,175824,0.760533261,0.135976886,0.007848758,0.006273319,0.0002275,0.019292019
"241","Myrtle Beach-Conway-North Myrtle Beach, SC-NC",243.1825,0.91,0.26,718,37323,487722,0.785371585,0.105447366,0.005136123,0.011410189,0.000844744,0.03242831
"242","Napa, CA",348.7975,0.86,0.37,1159,60288,138019,0.551793594,0.017700462,0.014121244,0.077909563,0.002521392,0.185706316
"243","Naples-Marco Island, FL",326.6625,0.88,0.36,1045,54346,375752,0.683980391,0.06213939,0.005455726,0.014826268,0.000244842,0.087150567
"244","Nashville-Davidson--Murfreesboro--Franklin, TN",346.2358333,0.91,0.37,1195,62149,1989519,0.700201405,0.143142136,0.004500585,0.030930089,0.000506152,0.050651941
"245","New Bern, NC",186.51,0.88,0.24,802,41696,122168,0.669455176,0.203359308,0.004354659,0.026103399,0.001473381,0.028272543
"246","New Haven-Milford, CT",190.35875,0.9,0.36,1197,62259,864835,0.628826308,0.13752103,0.004692225,0.043383998,0.000543456,0.089797476
"247","New Orleans-Metairie, LA",295.3325,0.87,0.31,1098,57093,1271845,0.503380522,0.333302407,0.004806403,0.029370717,0.000392343,0.048061674
"248","New York-Jersey City-White Plains, NY-NJ (MSAD)",297.3608333,0.87,0.41,1734,90161,20140470,0.465357611,0.16076035,0.007515912,0.124593517,0.000523027,0.141472567
"249","Niles, MI",215.995,0.9,0.28,1052,54714,154316,0.736203634,0.138806086,0.006110838,0.020665388,0.000777625,0.027806579
"250","North Port-Sarasota-Bradenton, FL",327.96,0.91,0.34,947,49232,833716,0.777532157,0.058655465,0.003552769,0.020474598,0.000548148,0.049278171
"251","Norwich-New London, CT",203.0625,0.93,0.34,1245,64761,268555,0.750490589,0.059674927,0.009264396,0.040267357,0.000949526,0.049189179
"252","Ocala, FL",239.6325,0.88,0.21,798,41480,375908,0.714438107,0.118143269,0.004062164,0.016152888,0.000454899,0.047524926
"253","Ocean City, NJ",322.34,0.93,0.34,752,39109,95263,0.855904181,0.037443708,0.002655806,0.009531508,0.000293923,0.034598952
"254","Odessa, TX",325.5375,0.77,0.17,1181,61415,165171,0.484134624,0.048622337,0.010032027,0.014161082,0.002155342,0.207197389
"255","Ogden-Clearfield, UT",283.455,0.94,0.32,909,47252,694863,0.820626512,0.011770666,0.008342652,0.016560099,0.006450192,0.056412559
"256","Oklahoma City, OK",260.03875,0.89,0.32,984,51162,1425695,0.625431807,0.102752693,0.040160764,0.0327293,0.001272362,0.071513893
"257","Olympia-Lacey-Tumwater, WA",275.52,0.94,0.36,1013,52661,294793,0.732032307,0.031896958,0.015122476,0.058576696,0.01135373,0.035139912
"258","Omaha-Council Bluffs, NE-IA",257.455,0.92,0.37,1077,56001,967604,0.749019227,0.076919897,0.007984671,0.034929579,0.000878459,0.050088673
"259","Orlando-Kissimmee-Sanford, FL",287.6158333,0.9,0.33,1029,53531,2673376,0.503691961,0.153683956,0.004424742,0.046507487,0.000906345,0.113726988
"260","Oshkosh-Neenah, WI",197.4575,0.93,0.29,1075,55891,171730,0.862056717,0.029691958,0.006550981,0.032615152,0.000308624,0.018226285
"261","Owensboro, KY",204.565,0.9,0.23,949,49356,121559,0.870244079,0.04113229,0.002270502,0.020385163,0.000501814,0.016864239
"262","Oxnard-Thousand Oaks-Ventura, CA",316.0875,0.86,0.34,1182,61475,843843,0.508005636,0.018166886,0.0172698,0.076937298,0.002041849,0.205531124
"263","Palm Bay-Melbourne-Titusville, FL",284.035,0.92,0.31,1065,55362,606612,0.738824817,0.096753773,0.003780011,0.026232584,0.000896784,0.033253546
"264","Panama City, FL",273.0075,0.91,0.24,848,44106,175216,0.749383618,0.101908502,0.00589558,0.023616565,0.001187106,0.030528034
"265","Parkersburg-Vienna, WV",194.4375,0.9,0.21,821,42684,89490,0.929522852,0.011688457,0.001989049,0.00630238,0.00030171,0.004615041
"266","Pensacola-Ferry Pass-Brent, FL",260.16,0.91,0.27,896,46576,509905,0.702317098,0.156917465,0.007185652,0.027391377,0.001625793,0.021796217
"267","Peoria, IL",172.92,0.92,0.28,1138,59200,402391,0.811911797,0.092464792,0.002611887,0.022915522,0.000340465,0.016956145
"268","Philadelphia, PA (MSAD)",300.555,0.91,0.39,1348,70081,6245051,0.607375344,0.203860625,0.003040167,0.066292493,0.000383504,0.05136163
"269","Phoenix-Mesa-Chandler, AZ",373.1,0.88,0.32,1167,60687,4845832,0.601500423,0.058284522,0.025129431,0.043421646,0.002514532,0.133847397
"270","Pine Bluff, AR",185.255,0.86,0.16,823,42806,87751,0.458889357,0.480598512,0.003601099,0.008011305,0.001185172,0.015270481
"271","Pittsburgh, PA",250.11,0.94,0.36,1197,62263,2370930,0.827305319,0.084131122,0.00142771,0.028793343,0.000309583,0.008865298
"272","Pittsfield, MA",234.725,0.93,0.35,1028,53468,129026,0.859222172,0.033295615,0.002224358,0.015648009,0.000186009,0.024886457
"273","Pocatello, ID",254.035,0.91,0.26,748,38911,94896,0.822848171,0.00809307,0.035048896,0.01280349,0.002940061,0.047494099
"274","Port St. Lucie, FL",281.055,0.89,0.26,861,44757,487657,0.649364205,0.151723445,0.005374679,0.016628491,0.000502402,0.06439157
"275","Portland-South Portland, ME",292.7975,0.95,0.41,1102,57300,551740,0.89495052,0.026338493,0.002901729,0.018091855,0.000295429,0.00843332
"276","Portland-Vancouver-Hillsboro, OR-WA",453.7758333,0.92,0.4,1295,67355,2512859,0.714547454,0.030265924,0.010860936,0.070988464,0.006257414,0.060221047
"277","Prescott Valley-Prescott, AZ",279.395,0.92,0.26,819,42608,236209,0.814985881,0.006532351,0.018132247,0.012412736,0.00124466,0.052542452
"278","Providence-Warwick, RI-MA",276.4908333,0.88,0.33,1097,57038,1676579,0.738815767,0.052390016,0.005861937,0.031456913,0.000421692,0.08010896
"279","Provo-Orem, UT",280.2125,0.95,0.41,1054,54823,671185,0.817552538,0.006586858,0.00700254,0.015565008,0.010080678,0.054154965
"280","Pueblo, CO",252.99,0.9,0.23,905,47059,168162,0.647024893,0.021657687,0.022995683,0.010287699,0.001236903,0.120276876
"281","Punta Gorda, FL",265.34,0.91,0.24,811,42172,186847,0.843165799,0.049602081,0.00276697,0.014059632,0.000385342,0.020744245
"282","Racine, WI",202.305,0.91,0.26,1008,52395,197727,0.720377086,0.117854415,0.005365984,0.01171312,0.000298391,0.054064442
"283","Raleigh-Cary, NC",262.20125,0.92,0.48,1236,64246,1413982,0.600948244,0.182614064,0.005667682,0.070292974,0.000494349,0.064058807
"284","Rapid City, SD",288.745,0.94,0.31,893,46420,139074,0.792995096,0.013417317,0.090548916,0.012748609,0.000970706,0.012058329
"285","Reading, PA",191.6875,0.87,0.26,1061,55182,428849,0.72078284,0.051281453,0.005251266,0.014953981,0.00039641,0.117220747
"286","Redding, CA",246.31,0.91,0.22,916,47644,182155,0.78449123,0.010496555,0.026960556,0.032818204,0.002036727,0.035810162
"287","Reno, NV",273.76,0.89,0.32,1109,57655,490596,0.642475683,0.025110274,0.018465295,0.058838637,0.007089336,0.118396807
"288","Richmond, VA",268.25,0.91,0.38,1155,60067,1314434,0.565158083,0.277468477,0.00470773,0.043431622,0.000628407,0.044285221
"289","Riverside-San Bernardino-Ontario, CA",286.39625,0.82,0.22,938,48759,4599839,0.386604401,0.074140638,0.018581303,0.076857038,0.003386423,0.273571097
"290","Roanoke, VA",208.3275,0.9,0.28,927,48210,315251,0.764647852,0.126994046,0.002956374,0.02231238,0.000380649,0.025703328
"291","Rochester, MN",243.8225,0.94,0.4,1256,65326,226329,0.822788949,0.050678437,0.003309342,0.046640068,0.000406488,0.021853143
"292","Rochester, NY",183.46625,0.91,0.36,1066,55455,1090135,0.746542401,0.116871764,0.002787728,0.032476712,0.000310053,0.03379398
"293","Rockford, IL",142.9075,0.88,0.23,967,50300,338798,0.678545918,0.119256902,0.006286932,0.025673115,0.000318774,0.074483911
"294","Rocky Mount, NC",163.07,0.85,0.19,804,41822,143870,0.451859317,0.44753597,0.006485021,0.00714534,0.000375339,0.045471606
"295","Rome, GA",203.7225,0.84,0.21,877,45626,98584,0.704830398,0.14289337,0.007080256,0.013075144,0.000243447,0.05873164
"296","Sacramento-Roseville-Folsom, CA",285.0033333,0.9,0.34,1178,61243,2397382,0.52483751,0.069820329,0.011462087,0.148839442,0.00897771,0.104000948
"297","Saginaw, MI",164.915,0.9,0.22,959,49864,190124,0.704356104,0.182065389,0.004302455,0.012728535,0.000447077,0.029344007
"298","Salem, OR",292.6775,0.86,0.25,892,46399,433353,0.695956876,0.011297949,0.020186776,0.021402875,0.009650331,0.121803703
"299","Salinas, CA",306.7525,0.73,0.26,921,47909,439035,0.36188231,0.022647397,0.029111574,0.060769643,0.004856105,0.342025123
"300","Salisbury, MD-DE",246.785,0.89,0.28,855,44447,418046,0.698949398,0.16526411,0.00605675,0.017292355,0.000389909,0.046449434
"301","Salt Lake City, UT",430.3875,0.92,0.36,1203,62563,1257936,0.722597175,0.01903038,0.011061771,0.040984597,0.017801383,0.090886182
"302","San Angelo, TX",268.505,0.87,0.25,902,46904,122888,0.657606927,0.037058134,0.00872339,0.014663759,0.001448473,0.104094785
"303","San Antonio-New Braunfels, TX",306.99,0.86,0.29,1034,53791,2558143,0.503188837,0.070760704,0.010764058,0.029367787,0.00167387,0.139901483
"304","San Diego-Chula Vista-Carlsbad, CA",358.275,0.88,0.39,1359,70654,3298634,0.495092514,0.047235613,0.012419686,0.124521848,0.004634039,0.157942348
"305","San Francisco-San Mateo-Redwood City, CA (MSAD)",458.84375,0.9,0.51,2337,121550,4749008,0.393025238,0.070569475,0.010314786,0.27505997,0.007084427,0.127189931
"306","San Jose-Sunnyvale-Santa Clara, CA",417.7675,0.89,0.53,3226,167751,2000468,0.324847486,0.022794666,0.011891717,0.380637431,0.003539172,0.145846372
"307","San Luis Obispo-Paso Robles, CA",348.06,0.92,0.36,1011,52591,282424,0.702270345,0.016322975,0.01118531,0.036831147,0.00146234,0.097173045
"308","Santa Cruz-Watsonville, CA",348.1,0.88,0.42,1104,57393,270861,0.592794828,0.011629581,0.013316793,0.046344804,0.001417701,0.191589044
"309","Santa Fe, NM",222.7175,0.9,0.41,906,47120,154823,0.574300976,0.009120092,0.035899059,0.015288426,0.000826751,0.144345478
"310","Santa Maria-Santa Barbara, CA",316.5175,0.82,0.35,1091,56731,448229,0.50141334,0.016451412,0.021491247,0.059230884,0.001568395,0.221989206
"311","Santa Rosa-Petaluma, CA",334.1775,0.89,0.36,1207,62788,488863,0.627341402,0.015576961,0.018113459,0.046730884,0.003763836,0.153423352
"312","Savannah, GA",260.9975,0.9,0.33,937,48705,404798,0.556425674,0.307916541,0.0036265,0.030756081,0.001356232,0.034404814
"313","Scranton--Wilkes-Barre, PA",189.0325,0.91,0.25,905,47055,567559,0.811268961,0.043711755,0.002646421,0.019407674,0.00026429,0.059384135
"314","Seattle-Bellevue-Kent, WA (MSAD)",431.505,0.93,0.44,1821,94710,4018762,0.601019667,0.061403736,0.010613965,0.153629152,0.010919283,0.052585597
"315","Sebastian-Vero Beach, FL",273.585,0.9,0.31,891,46308,159788,0.766897389,0.083654592,0.003323153,0.014957318,0.000425564,0.042700328
"316","Sebring-Avon Park, FL",246.2725,0.85,0.18,710,36907,101235,0.706761496,0.097703363,0.004968637,0.016239443,0.000572924,0.065580086
"317","Sheboygan, WI",199.9475,0.94,0.26,1045,54355,118034,0.83199756,0.021510751,0.004574953,0.05856787,0.000177915,0.02880526
"318","Sherman-Denison, TX",275.5375,0.9,0.21,914,47527,135543,0.736681348,0.056535564,0.017610648,0.014681688,0.000612352,0.069608906
"319","Shreveport-Bossier City, LA",200.8525,0.88,0.24,879,45724,393406,0.507854481,0.394040762,0.005487969,0.014491391,0.000622766,0.02327875
"320","Sierra Vista-Douglas, AZ",201.615,0.89,0.26,914,47554,125447,0.651534114,0.038127656,0.012036956,0.021618692,0.003890089,0.1010626
"321","Sioux City, IA-NE-SD",219.0775,0.87,0.23,959,49849,149940,0.718207283,0.046685341,0.022709084,0.025930372,0.00561558,0.086594638
"322","Sioux Falls, SD",240.975,0.94,0.34,1066,55431,276730,0.833935605,0.045911177,0.021526398,0.020370036,0.000317999,0.02326094
"323","South Bend-Mishawaka, IN-MI",198.29,0.9,0.29,963,50062,324501,0.735945344,0.11847113,0.005845899,0.021454479,0.000536208,0.040348104
"324","Spartanburg, SC",202.5525,0.87,0.25,928,48239,327997,0.66897868,0.195824962,0.004192112,0.025295963,0.000603664,0.045524807
"325","Spokane-Spokane Valley, WA",273.8725,0.94,0.31,985,51214,585784,0.823281278,0.018996763,0.018389031,0.022096882,0.007497644,0.021524999
"326","Springfield, IL",155.3725,0.93,0.33,996,51814,208640,0.783900498,0.124817868,0.00247316,0.021017063,0.000321127,0.009221626
"327","Springfield, MA",226.2875,0.89,0.33,1028,53459,699162,0.707870279,0.067705339,0.004232209,0.034810244,0.000507751,0.09236486
"328","Springfield, MO",190.89,0.92,0.29,872,45357,475432,0.866022901,0.023862508,0.006865335,0.015131501,0.001081122,0.014208131
"329","Springfield, OH",173.44,0.89,0.19,849,44157,136001,0.816817523,0.089705223,0.00308086,0.006632304,0.000683819,0.019374858
"330","St. Cloud, MN",238.5175,0.92,0.27,973,50617,199671,0.836390863,0.076811355,0.004307085,0.018300104,0.000390643,0.020238292
"331","St. George, UT",237.2575,0.94,0.29,776,40344,180279,0.84190061,0.005480394,0.012142291,0.010350623,0.009257873,0.04997809
"332","St. Joseph, MO-KS",213.495,0.9,0.22,936,48682,121467,0.851367038,0.045436209,0.005087802,0.010101509,0.003795269,0.018046054
"333","St. Louis, MO-IL",227.8266667,0.93,0.35,1147,59642,2820253,0.711738982,0.179686716,0.002743371,0.02914703,0.000380462,0.015887582
"334","State College, PA",243.0175,0.94,0.46,929,48328,158172,0.829552639,0.03462054,0.001277091,0.072098728,0.0002845,0.013105986
"335","Staunton, VA",223.0275,0.89,0.25,875,45494,125433,0.844363126,0.069543103,0.002487384,0.008371003,0.000550094,0.020002711
"336","Stockton, CA",265.305,0.8,0.19,977,50810,779233,0.343079669,0.077449235,0.015537073,0.178795046,0.007144205,0.233230625
"337","Sumter, SC",203.8175,0.85,0.2,799,41545,136700,0.460036576,0.45936357,0.004081931,0.01215801,0.000716898,0.017820044
"338","Syracuse, NY",191.96125,0.91,0.32,1061,55156,662057,0.78845175,0.090099493,0.006552306,0.032905022,0.00027188,0.017268906
"339","Tallahassee, FL",221.3325,0.91,0.39,888,46180,384298,0.557853541,0.315296983,0.003242276,0.028558567,0.000546451,0.025724828
"340","Tampa-St. Petersburg-Clearwater, FL",347.273125,0.9,0.31,1084,56380,3175275,0.644342931,0.118369275,0.004352694,0.039269355,0.000787018,0.061979829
"341","Terre Haute, IN",176.9975,0.89,0.2,848,44120,185031,0.884024839,0.045549124,0.003004902,0.012003394,0.000286438,0.011014371
"342","Texarkana, TX-AR",197.2525,0.88,0.2,827,43003,147519,0.638778734,0.246863116,0.008168439,0.008961557,0.000657542,0.035161572
"343","The Villages, FL",280.2225,0.92,0.32,852,44313,129752,0.86363216,0.066226339,0.002974906,0.009680005,0.000315987,0.014689562
"344","Toledo, OH",170.6075,0.91,0.27,978,50856,646604,0.751333119,0.137453526,0.00304514,0.015892262,0.00025054,0.021996462
"345","Topeka, KS",196.1475,0.93,0.29,938,48763,233152,0.776021651,0.062109697,0.015620711,0.011443179,0.001012215,0.037932336
"346","Trenton-Princeton, NJ",211.215,0.9,0.44,1599,83128,387340,0.460698611,0.193610265,0.006304539,0.125308514,0.000531832,0.127980586
"347","Tucson, AZ",279.06,0.89,0.34,993,51633,1043433,0.607017413,0.038290911,0.033153063,0.030061346,0.002136218,0.122349015
"348","Tulsa, OK",236.21,0.9,0.28,1024,53232,1015331,0.613347765,0.079244109,0.081413844,0.028457715,0.001270522,0.054351734
"349","Tuscaloosa, AL",212.095,0.88,0.28,907,47162,268674,0.575496699,0.33929595,0.00384853,0.012517028,0.000442916,0.024937285
"350","Tyler, TX",229.125,0.87,0.27,938,48774,233479,0.619066383,0.16529538,0.007092715,0.017937373,0.000454002,0.094059851
"351","Urban Honolulu, HI",267.30625,0.92,0.36,1115,58005,1016508,0.185401394,0.02038646,0.002241005,0.429758546,0.100440921,0.017124312
"352","Utica-Rome, NY",211.575,0.89,0.25,881,45831,292264,0.822160786,0.05797156,0.002737251,0.037623518,0.00043796,0.02172351
"353","Valdosta, GA",182.1175,0.87,0.24,736,38282,148126,0.538872311,0.354279465,0.004273389,0.014251381,0.000965394,0.029819208
"354","Vallejo, CA",299.155,0.89,0.27,1255,65271,453491,0.387588728,0.13706336,0.011881162,0.160457429,0.00917769,0.147286275
"355","Victoria, TX",240.0375,0.83,0.19,917,47663,98331,0.592000488,0.061069246,0.007698488,0.01483764,0.000437299,0.125667389
"356","Vineland-Bridgeton, NJ",188.5575,0.8,0.17,915,47595,154152,0.483976854,0.185407909,0.015452281,0.013674814,0.000123255,0.181963257
"357","Virginia Beach-Norfolk-Newport News, VA-NC",267.3058333,0.92,0.33,974,50623,1799674,0.540046142,0.302688154,0.004469143,0.041106889,0.001618626,0.028726869
"358","Visalia, CA",226.5425,0.72,0.15,805,41836,473117,0.393676406,0.014093765,0.02249972,0.036341962,0.001528163,0.349237081
"359","Waco, TX",259.8175,0.85,0.24,961,49997,277547,0.599339932,0.148839656,0.009457858,0.018252764,0.00070979,0.107996123
"360","Walla Walla, WA",280.58,0.88,0.29,893,46439,62584,0.726559504,0.016873322,0.011121053,0.015067749,0.002189058,0.113239806
"361","Warner Robins, GA",170.325,0.91,0.3,785,40826,191614,0.527195299,0.338331228,0.003569677,0.027002202,0.000835012,0.033577922
"362","Washington-Arlington-Alexandria, DC-VA-MD-WV (MSAD)",300.4275,0.91,0.52,1600,83198,6385162,0.445421902,0.244682907,0.006276583,0.109561198,0.00072183,0.092569617
"363","Waterloo-Cedar Falls, IA",235.95,0.93,0.3,978,50878,168461,0.820753765,0.082891589,0.002837452,0.021648928,0.005081295,0.017737043
"364","Watertown-Fort Drum, NY",234.795,0.91,0.22,841,43726,116721,0.82456456,0.057461811,0.005089059,0.019259602,0.002647339,0.020056374
"365","Wausau-Weston, WI",196.57,0.92,0.25,978,50848,166428,0.882129209,0.008111616,0.004614608,0.051758118,0.000228327,0.012191458
"366","Weirton-Steubenville, WV-OH",207.3425,0.91,0.18,859,44662,116903,0.894160116,0.04070041,0.001804915,0.004354037,0.000359272,0.005885221
"367","Wenatchee, WA",284.1525,0.83,0.24,797,41466,122012,0.681334623,0.003655378,0.012211914,0.010007212,0.00152444,0.171565092
"368","Wheeling, WV-OH",206.155,0.92,0.21,915,47603,139513,0.913155046,0.02897221,0.001469397,0.005490528,0.000272376,0.00535434
"369","Wichita Falls, TX",201.5875,0.89,0.23,804,41805,148128,0.698362227,0.094229315,0.01110526,0.019010585,0.001221916,0.073807788
"370","Wichita, KS",220.45625,0.9,0.31,975,50713,647610,0.717203255,0.075429657,0.011823474,0.03682772,0.000965087,0.054051049
"371","Williamsport, PA",215.84,0.9,0.23,900,46814,114188,0.87949697,0.05109994,0.001935405,0.008170736,0.000271482,0.008810033
"372","Wilmington, NC",253.275,0.92,0.39,947,49220,285905,0.755992375,0.122435774,0.00486875,0.013490495,0.000647068,0.038341407
"373","Winchester, VA-WV",229.195,0.88,0.26,968,50351,142632,0.7967006,0.047471816,0.004241685,0.017198104,0.000427674,0.059621964
"374","Winston-Salem, NC",204.185,0.88,0.27,1006,52297,675966,0.670073643,0.172489445,0.00612013,0.018240562,0.000525174,0.067137992
"375","Worcester, MA-CT",258.445,0.91,0.35,1169,60768,978529,0.745264576,0.051531431,0.003605412,0.049481415,0.000277968,0.063373697
"376","Yakima, WA",239.555,0.74,0.18,806,41930,256728,0.484734817,0.008253872,0.050555452,0.011802374,0.001203608,0.292445701
"377","York-Hanover, PA",190.455,0.9,0.25,1004,52195,456438,0.817635692,0.061342395,0.00244502,0.014624111,0.00039874,0.040807295
"378","Youngstown-Warren-Boardman, OH-PA",173.11,0.9,0.22,819,42596,541243,0.81534357,0.107944121,0.001794019,0.006974686,0.000234645,0.013023725
"379","Yuba City, CA",273.325,0.81,0.19,906,47110,181208,0.515429782,0.02778023,0.02017571,0.132488632,0.003995409,0.166234383
"380","Yuma, AZ",207.4125,0.75,0.15,811,42149,203881,0.442993707,0.020104865,0.017274783,0.012688774,0.001388065,0.251342695
